{
  "accuracy": 0.9462584853172302,
  "auc": 0.9866009950637817,
  "loss": 0.1392166167497635,
  "val_accuracy": 0.9520383477210999,
  "val_auc": 0.9907642602920532,
  "val_loss": 0.1160922646522522,
  "learning_rate": 0.0004937445046380162,
  "epoch": 15,
  "global_step": 1472
}