{
  "accuracy": 0.9993197321891785,
  "auc": 0.9999975562095642,
  "loss": 0.002436170121654868,
  "precision": 0.9991227984428406,
  "recall": 0.9991227984428406,
  "val_accuracy": 0.9760192036628723,
  "val_auc": 0.9888318777084351,
  "val_loss": 0.10733035206794739,
  "val_precision": 0.971563994884491,
  "val_recall": 0.980861246585846,
  "learning_rate": 0.00044828804675489664,
  "epoch": 8,
  "global_step": 828
}