{
  "accuracy": 0.9489796161651611,
  "loss": 0.13660873472690582,
  "val_accuracy": 0.9496402740478516,
  "val_loss": 0.15384933352470398,
  "learning_rate": 9.639601194066927e-05,
  "epoch": 12,
  "global_step": 1196
}