{
  "accuracy": 0.9955782294273376,
  "auc": 0.999895453453064,
  "loss": 0.013300680555403233,
  "precision": 0.993000864982605,
  "recall": 0.9956140518188477,
  "val_accuracy": 0.973621129989624,
  "val_auc": 0.990177571773529,
  "val_loss": 0.10604572296142578,
  "val_precision": 0.9669811129570007,
  "val_recall": 0.980861246585846,
  "learning_rate": 0.00047529174480587244,
  "epoch": 16,
  "global_step": 1564
}